{
  "directory": "",
  "defaultZoom": 0.95,
  "isPixelStage": false,
  "boyfriend": [
    648.181818181818,
    118.1818181818182
  ],
  "girlfriend": [
    265.45454545454504,
    171.81818181818181
  ],
  "opponent": [
    162.3181818181819,
    161.90909090909091
  ],
  "hide_girlfriend": false,
  "camera_boyfriend": [
    0.0,
    0.0
  ],
  "camera_opponent": [
    0.0,
    0.0
  ],
  "camera_girlfriend": [
    0.0,
    0.0
  ],
  "camera_speed": 1.0
}